Name,Created,Tags
1. 스위프트 기초,"February 1, 2022 5:06 PM",
2. 스위프트 시작하기,"February 1, 2022 5:25 PM",
09.구조체와 클래스,"March 11, 2022 8:21 PM",2부 객체지향 프로그래밍과 스위프트
10.프로퍼티와 메서드,"March 11, 2022 8:21 PM",2부 객체지향 프로그래밍과 스위프트
11.인스턴스 생성 및 소멸,"March 11, 2022 8:21 PM",2부 객체지향 프로그래밍과 스위프트
12.접근 제어,"March 11, 2022 8:21 PM",2부 객체지향 프로그래밍과 스위프트
13. 클로저,"March 11, 2022 8:20 PM",3부 함수형 프로그래밍과 스위프트
14. 옵셔널 체이닝과 빠른 종료,"March 11, 2022 8:20 PM",3부 함수형 프로그래밍과 스위프트
16. 모나드,"March 11, 2022 8:20 PM",3부 함수형 프로그래밍과 스위프트
"15 맵, 필터, 리듀스","March 11, 2022 8:20 PM",3부 함수형 프로그래밍과 스위프트